timestamp,handle,name,subscriber_count,channel_view_count,latest_video_id,latest_video_views,latest_video_likes
2026-09-27T16:30:17.303326+00:00,jasmineandtea,jasmineandtea,1230000,576732589,B9il9-dUuBs,36896,2207
2026-09-27T16:30:17.751130+00:00,TheCarolinaLifestyle,The Carolina Lifestyle,118000,18939708,QFB_J6rHwq4,8032,875
2026-09-27T16:30:18.136304+00:00,lenalifts,LenaLifts,1530000,134347445,-GsAZnmXyuk,121440,3561
2026-09-27T16:30:18.513345+00:00,DrFayeBate,Dr Faye Bate,669000,48699639,5NQ2NccPjIk,2043,56
2026-09-27T16:30:18.969160+00:00,cuppabeans,Angus Wan,292000,274194575,VItEKPXDZuI,14498,185
2026-09-27T16:31:53.912386+00:00,jasmineandtea,jasmineandtea,1230000,576732589,B9il9-dUuBs,36896,2207
2026-09-27T16:31:54.249113+00:00,TheCarolinaLifestyle,The Carolina Lifestyle,118000,18939708,QFB_J6rHwq4,8032,875
2026-09-27T16:31:54.604932+00:00,lenalifts,LenaLifts,1530000,134347445,-GsAZnmXyuk,121440,3563
2026-09-27T16:31:54.916998+00:00,DrFayeBate,Dr Faye Bate,669000,48699639,5NQ2NccPjIk,2052,56
2026-09-27T16:31:55.268959+00:00,cuppabeans,Angus Wan,292000,274194575,VItEKPXDZuI,14508,185
2026-09-27T17:17:40.867555+00:00,jasmineandtea,jasmineandtea,1230000,576732589,B9il9-dUuBs,36923,2209
2026-09-27T17:17:41.400059+00:00,TheCarolinaLifestyle,The Carolina Lifestyle,118000,18939708,QFB_J6rHwq4,8032,875
2026-09-27T17:17:41.828971+00:00,lenalifts,LenaLifts,1530000,134347445,-GsAZnmXyuk,121987,3585
2026-09-27T17:17:42.224410+00:00,DrFayeBate,Dr Faye Bate,669000,48699639,5NQ2NccPjIk,2123,59
2026-09-27T17:17:42.742605+00:00,cuppabeans,Angus Wan,292000,274194575,VItEKPXDZuI,14615,186
